<application>
  <component name="FileTypeManager" version="18">
    <ignoreFiles list="*.idea;*.iml;*.pyc;*.pyo;*.rbc;*.yarb;*~;.DS_Store;.git;.hg;.svn;CVS;__pycache__;_svn;vssver.scc;vssver2.scc" />
    <extensionMap>
      <mapping pattern="convert-output" type="AUTO_DETECTED" />
      <mapping pattern="req" type="AUTO_DETECTED" />
      <mapping pattern="1" type="AUTO_DETECTED" />
      <mapping pattern="z-index" type="AUTO_DETECTED" />
      <mapping pattern="666" type="AUTO_DETECTED" />
      <mapping ext="space.kts" type="Kotlin" />
      <mapping ext="gradle.kts" type="Kotlin" />
      <mapping ext="main.kts" type="Kotlin" />
      <mapping ext="xmind" type="Native" />
      <mapping pattern=".env.local" type="PLAIN_TEXT" />
      <mapping pattern=".gitkeep" type="PLAIN_TEXT" />
      <mapping pattern=".env.dev" type="PLAIN_TEXT" />
      <mapping pattern=".env" type="PLAIN_TEXT" />
      <mapping pattern="{" type="PLAIN_TEXT" />
      <mapping ext="nu" type="PLAIN_TEXT" />
      <mapping ext="lnk" type="PLAIN_TEXT" />
      <removed_mapping ext="apk" approved="true" type="ARCHIVE" />
      <removed_mapping ext="psd" approved="true" type="Image" />
      <removed_mapping ext="vue" approved="true" type="HTML" />
    </extensionMap>
  </component>
</application>