<application>
  <component name="GitRememberedInputs">
    <option name="visitedUrls">
      <list>
        <UrlAndUserName>
          <option name="url" value="http://175.41.31.154:20080" />
          <option name="userName" value="atang" />
        </UrlAndUserName>
        <UrlAndUserName>
          <option name="url" value="http://192.168.1.83:20080" />
          <option name="userName" value="atang" />
        </UrlAndUserName>
        <UrlAndUserName>
          <option name="url" value="http://git.sportxxxr1pub.com" />
          <option name="userName" value="jstymasterj" />
        </UrlAndUserName>
      </list>
    </option>
  </component>
  <component name="Vcs.Log.App.Settings">
    <option name="SHOW_TAG_NAMES" value="true" />
    <option name="COLUMN_ID_ORDER">
      <list>
        <option value="Default.Root" />
        <option value="Space.CommitStatus" />
        <option value="Default.Author" />
        <option value="Default.Subject" />
        <option value="Default.Date" />
        <option value="Default.Hash" />
      </list>
    </option>
    <option name="COLUMN_ID_VISIBILITY">
      <map>
        <entry key="Table.Default.Hash.ColumnIdVisibility" value="true" />
        <entry key="Table.Git.CommitSignature.ColumnIdVisibility" value="false" />
      </map>
    </option>
    <option name="CUSTOM_BOOLEAN_PROPERTIES">
      <map>
        <entry key="Change.Log.Filter.on.Branch.Selection" value="false" />
        <entry key="Navigate.Log.To.Branch.on.Branch.Selection" value="false" />
      </map>
    </option>
  </component>
  <component name="VcsEditorTab.Settings">
    <option name="openInNewWindow" value="true" />
  </component>
</application>